kind,class,bird,tier,opponent,runs,winRate,averageTurns,damagePerTurn,damagePerEN,hitRate,dodgeRate,damageTaken,armourAbsorbed,magicArmourAbsorbed,healing
"target","knight","crow","starter","balanced",20,0,2.75,5.273,1.568,0.654,0.346,15.875,0,0,0
"target","knight","crow","starter","highArmour",20,0.05,3.05,4.902,1.473,0.601,0.399,15.35,0,0,0
"target","knight","crow","starter","highMagicArmour",20,0,2.55,5.49,1.618,0.711,0.289,15.375,0,0,0
"target","knight","crow","starter","highDodge",20,0.8,4.7,6.138,1.997,0.529,0.471,9.991,0,0,0
"target","knight","crow","starter","highHp",20,0.05,3.55,7.662,2.355,0.615,0.385,15.51,0,0,0
"mirror","knight","crow","starter","knight mirror",20,0.2,2.65,5.774,1.729,0.729,0.271,13.95,0,0,0
"target","knight","crow","mid","balanced",20,0,2.95,14.61,4.376,0.449,0.551,22.334,0,0,0
"target","knight","crow","mid","highArmour",20,0.05,3.3,17.03,5.156,0.568,0.432,20.758,0,0,0
"target","knight","crow","mid","highMagicArmour",20,0,2.05,15.854,4.545,0.585,0.415,23.6,0,0,0
"target","knight","crow","mid","highDodge",20,0.65,3.6,20.208,6.354,0.504,0.496,9.57,0,0,0
"target","knight","crow","mid","highHp",20,0.15,3.35,20.299,6.154,0.545,0.455,17.46,0,0,0
"mirror","knight","crow","mid","knight mirror",20,0.9,2.35,14.383,4.39,0.54,0.46,5.533,0,0,0
"target","knight","crow","late","balanced",20,0.15,3.65,23.836,7.373,0.476,0.524,27.685,0,0,0
"target","knight","crow","late","highArmour",20,0,3.2,26.328,7.948,0.555,0.445,29.635,0,0,0
"target","knight","crow","late","highMagicArmour",20,0.05,2.3,25.717,7.487,0.565,0.435,31.5,0,0,0
"target","knight","crow","late","highDodge",20,0.3,3.5,27.6,8.474,0.384,0.616,19.826,0,0,0
"target","knight","crow","late","highHp",20,0.1,4.25,30.718,9.529,0.491,0.509,25.768,0,0,0
"mirror","knight","crow","late","knight mirror",20,0.95,2.1,25.667,7.869,0.6,0.4,2.757,0,0,0
"target","rogue","sparrow","starter","balanced",20,0,1.95,3.205,0.912,0.701,0.299,15.45,0,0,0
"target","rogue","sparrow","starter","highArmour",20,0,2.25,3.311,0.961,0.69,0.31,15.675,0,0,0
"target","rogue","sparrow","starter","highMagicArmour",20,0.35,4.05,5.407,1.691,0.707,0.293,11.235,0,0,0
"target","rogue","sparrow","starter","highDodge",20,0,2.7,4.778,1.418,0.593,0.407,12.75,0,0,0
"target","rogue","sparrow","starter","highHp",20,0,1.95,6.154,1.752,0.745,0.255,13.6,0,0,0
"mirror","rogue","sparrow","starter","rogue mirror",20,0.2,2.15,5.651,1.664,0.726,0.274,11.625,0,0,0
"target","rogue","sparrow","mid","balanced",20,0,1.6,11.563,3.19,0.641,0.359,22,0,0,0
"target","rogue","sparrow","mid","highArmour",20,0,2,12.075,3.45,0.588,0.413,21.65,0,0,0
"target","rogue","sparrow","mid","highMagicArmour",20,0.75,3.35,20.119,6.299,0.646,0.354,8.109,0,0,0
"target","rogue","sparrow","mid","highDodge",20,0,2.2,15.045,4.355,0.614,0.386,12.675,0,0,0
"target","rogue","sparrow","mid","highHp",20,0,2.05,15.585,4.469,0.634,0.366,18,0,0,0
"mirror","rogue","sparrow","mid","rogue mirror",20,0.8,1.15,16.696,4.414,0.795,0.205,2.85,0,0,0
"target","rogue","sparrow","late","balanced",20,0,2.1,20.286,5.836,0.583,0.417,35,0,0,0
"target","rogue","sparrow","late","highArmour",20,0,2.05,20.488,5.874,0.512,0.488,35.575,0,0,0
"target","rogue","sparrow","late","highMagicArmour",20,0.7,3.4,37.059,11.613,0.55,0.45,5.817,0,0,0
"target","rogue","sparrow","late","highDodge",20,0,1.85,25.27,7.137,0.446,0.554,17.7,0,0,0
"target","rogue","sparrow","late","highHp",20,0,1.8,26.389,7.422,0.583,0.417,26.05,0,0,0
"mirror","rogue","sparrow","late","rogue mirror",20,0.8,1.05,30.381,8.395,0.842,0.158,4.25,0,0,0
"target","mage","blackbird","starter","balanced",20,0,1.75,6.257,1.752,0.712,0.288,12.45,0,0,0
"target","mage","blackbird","starter","highArmour",20,0,1.9,5.789,1.642,0.672,0.328,12.15,0,0,0
"target","mage","blackbird","starter","highMagicArmour",20,0,5.9,2.805,0.885,0.66,0.34,12.575,0,0,0
"target","mage","blackbird","starter","highDodge",20,0,1.85,2.514,0.71,0.519,0.481,12.6,0,0,0
"target","mage","blackbird","starter","highHp",20,0,2.45,5.939,1.743,0.713,0.287,14.35,0,0,0
"mirror","mage","blackbird","starter","mage mirror",20,0,4.6,2.88,0.895,0.736,0.264,12.509,0,0,0
"target","mage","blackbird","mid","balanced",20,0,1.95,15.667,4.46,0.538,0.462,18.75,0,0,0
"target","mage","blackbird","mid","highArmour",20,0,1.8,14.361,4.039,0.486,0.514,19.25,0,0,0
"target","mage","blackbird","mid","highMagicArmour",20,0,4.9,9.878,3.083,0.622,0.378,12.905,0,0,0
"target","mage","blackbird","mid","highDodge",20,0,1.7,8.412,2.344,0.574,0.426,20.175,0,0,0
"target","mage","blackbird","mid","highHp",20,0,2.25,14.533,4.219,0.489,0.511,18.75,0,0,0
"mirror","mage","blackbird","mid","mage mirror",20,0.85,3.1,9.645,3.005,0.744,0.256,2.85,0,0,0
"target","mage","blackbird","late","balanced",20,0.05,1.85,24.568,6.992,0.603,0.397,27.2,0,0,0
"target","mage","blackbird","late","highArmour",20,0,1.8,26.917,7.57,0.611,0.389,28.4,0,0,0
"target","mage","blackbird","late","highMagicArmour",20,0,6.3,14.738,4.666,0.623,0.377,16.797,0,0,0
"target","mage","blackbird","late","highDodge",20,0,1.4,14.643,3.942,0.643,0.357,32,0,0,0
"target","mage","blackbird","late","highHp",20,0,1.85,25.595,7.229,0.662,0.338,26.4,0,0,0
"mirror","mage","blackbird","late","mage mirror",20,1,3.55,14.324,4.561,0.705,0.295,1.234,0,0,0
"target","siren","bowerbird","starter","balanced",20,0,1.7,5.706,1.59,0.697,0.303,16.6,0,0,0
"target","siren","bowerbird","starter","highArmour",20,0,2.15,5.209,1.503,0.631,0.369,17.2,0,0,0
"target","siren","bowerbird","starter","highMagicArmour",20,0.45,6.3,4.857,1.569,0.662,0.338,11.963,0,0,0
"target","siren","bowerbird","starter","highDodge",20,0.05,3.45,4.261,1.301,0.496,0.504,15.6,0,0,0
"target","siren","bowerbird","starter","highHp",20,0,2,2.925,0.836,0.657,0.343,20,0,0,0
"mirror","siren","bowerbird","starter","siren mirror",20,0.95,4.65,4.688,1.568,0.709,0.291,5.428,0,0,0
"target","siren","bowerbird","mid","balanced",20,0,2.2,9.364,2.711,0.557,0.443,23.3,0,0,0
"target","siren","bowerbird","mid","highArmour",20,0,1.85,9.405,2.656,0.622,0.378,23,0,0,0
"target","siren","bowerbird","mid","highMagicArmour",20,0.05,6.85,9.533,3.037,0.568,0.432,14.64,0,0,0
"target","siren","bowerbird","mid","highDodge",20,0,1.9,10.289,2.918,0.539,0.461,13.525,0,0,0
"target","siren","bowerbird","mid","highHp",20,0,1.45,7.31,1.981,0.431,0.569,14.375,0,0,0
"mirror","siren","bowerbird","mid","siren mirror",20,0.85,4.05,8.012,2.545,0.708,0.292,3.132,0,0,0
"target","siren","bowerbird","late","balanced",20,0,1.6,18.75,5.172,0.688,0.313,35.5,0,0,0
"target","siren","bowerbird","late","highArmour",20,0,2,15.1,4.314,0.425,0.575,35,0,0,0
"target","siren","bowerbird","late","highMagicArmour",20,0,7.9,14.456,4.623,0.563,0.437,20.432,0,0,0
"target","siren","bowerbird","late","highDodge",20,0,1.6,16.531,4.56,0.453,0.547,22.4,0,0,0
"target","siren","bowerbird","late","highHp",20,0,1.1,12.5,3.198,0.545,0.455,21.625,0,0,0
"mirror","siren","bowerbird","late","siren mirror",20,1,4.2,11.929,3.839,0.573,0.427,0.415,0,0,0
"target","inquisitor","bluejay","starter","balanced",20,0,2.85,5.404,1.613,0.675,0.325,12.884,0,0,0
"target","inquisitor","bluejay","starter","highArmour",20,0.05,2.7,5.333,1.582,0.654,0.346,12.01,0,0,0
"target","inquisitor","bluejay","starter","highMagicArmour",20,0,2.75,2.655,0.789,0.676,0.324,15,0,0,0
"target","inquisitor","bluejay","starter","highDodge",20,0.2,5.45,4.018,1.277,0.554,0.446,11.801,0,0,0
"target","inquisitor","bluejay","starter","highHp",20,0,3.6,5.056,1.542,0.648,0.352,14.41,0,0,0
"mirror","inquisitor","bluejay","starter","inquisitor mirror",20,0.45,3.5,2.971,0.916,0.784,0.216,12.01,0,0,0
"target","inquisitor","bluejay","mid","balanced",20,0,3.55,10.549,3.215,0.521,0.479,18.816,0,0,0
"target","inquisitor","bluejay","mid","highArmour",20,0,3.25,11.262,3.405,0.623,0.377,17.693,0,0,0
"target","inquisitor","bluejay","mid","highMagicArmour",20,0,2.3,10.543,3.07,0.63,0.37,21.6,0,0,0
"target","inquisitor","bluejay","mid","highDodge",20,0.1,4.5,13.244,4.139,0.59,0.41,16.28,0,0,0
"target","inquisitor","bluejay","mid","highHp",20,0,3.85,12.442,3.817,0.617,0.383,19.043,0,0,0
"mirror","inquisitor","bluejay","mid","inquisitor mirror",20,0.85,3.1,11.323,3.563,0.739,0.261,3.723,0,0,0
"target","inquisitor","bluejay","late","balanced",20,0,4.15,17.253,5.323,0.554,0.446,27.027,0,0,0
"target","inquisitor","bluejay","late","highArmour",20,0,3.9,17.385,5.339,0.564,0.436,27.325,0,0,0
"target","inquisitor","bluejay","late","highMagicArmour",20,0,2.05,19.39,5.559,0.61,0.39,26.8,0,0,0
"target","inquisitor","bluejay","late","highDodge",20,0.2,5.35,21.308,6.706,0.465,0.535,18.519,0,0,0
"target","inquisitor","bluejay","late","highHp",20,0,5.15,21.786,6.821,0.583,0.417,26.03,0,0,0
"mirror","inquisitor","bluejay","late","inquisitor mirror",20,1,2.95,19.458,6.042,0.703,0.297,0.826,0,0,0
"target","bard","pigeon","starter","balanced",20,0,2.4,5.417,1.585,0.665,0.335,17.1,0,0,0
"target","bard","pigeon","starter","highArmour",20,0,2.4,5.25,1.537,0.652,0.348,18,0,0,0
"target","bard","pigeon","starter","highMagicArmour",20,0,5.85,2.504,0.79,0.617,0.383,15.34,0,0,0
"target","bard","pigeon","starter","highDodge",20,0,2.45,2.367,0.695,0.587,0.413,17.7,0,0,0
"target","bard","pigeon","starter","highHp",20,0,1.7,2.971,0.828,0.648,0.352,20.25,0,0,0
"mirror","bard","pigeon","starter","bard mirror",20,0,2.85,2.842,0.848,0.733,0.267,15.6,0,0,0
"target","bard","pigeon","mid","balanced",20,0,1.9,12.132,3.44,0.513,0.487,18.75,0,0,0
"target","bard","pigeon","mid","highArmour",20,0,1.7,13.324,3.713,0.515,0.485,18.75,0,0,0
"target","bard","pigeon","mid","highMagicArmour",20,0.45,5.4,12.074,3.835,0.495,0.505,12.568,0,0,0
"target","bard","pigeon","mid","highDodge",20,0,1.9,7.184,2.037,0.434,0.566,21,0,0,0
"target","bard","pigeon","mid","highHp",20,0,1.15,7.696,1.989,0.543,0.457,14.375,0,0,0
"mirror","bard","pigeon","mid","bard mirror",20,0.9,1.3,11.923,3.37,0.739,0.261,3.85,0,0,0
"target","bard","pigeon","late","balanced",20,0,2.15,21.116,6.094,0.605,0.395,27.5,0,0,0
"target","bard","pigeon","late","highArmour",20,0,1.9,17.789,5.045,0.5,0.5,26.75,0,0,0
"target","bard","pigeon","late","highMagicArmour",20,0.55,5.6,19.027,6.141,0.544,0.456,14.638,0,0,0
"target","bard","pigeon","late","highDodge",20,0,1.25,10.8,2.842,0.42,0.58,30.85,0,0,0
"target","bard","pigeon","late","highHp",20,0,1.15,11.913,3.079,0.522,0.478,19.575,0,0,0
"mirror","bard","pigeon","late","bard mirror",20,0.95,1.25,21.36,5.933,0.8,0.2,2.225,0,0,0
"target","brute","goose","starter","balanced",20,0,3.4,4.588,1.393,0.563,0.438,25.8,0,0,0
"target","brute","goose","starter","highArmour",20,0,3.1,4.823,1.451,0.602,0.398,25.4,0,0,0
"target","brute","goose","starter","highMagicArmour",20,0.1,4,4.613,1.425,0.579,0.421,24,0,0,0
"target","brute","goose","starter","highDodge",20,0.3,4.85,4.969,1.57,0.436,0.564,20.51,0,0,0
"target","brute","goose","starter","highHp",20,0,3.5,6.386,1.943,0.535,0.465,22.7,0,0,0
"mirror","brute","goose","starter","brute mirror",20,0.4,3.8,6.947,2.155,0.555,0.445,17.45,0,0,0
"target","brute","goose","mid","balanced",20,0,3.65,10.89,3.326,0.438,0.562,31.285,0,0,0
"target","brute","goose","mid","highArmour",20,0,3.2,12.828,3.873,0.523,0.477,29.909,0,0,0
"target","brute","goose","mid","highMagicArmour",20,0.15,3.45,12.986,3.982,0.419,0.581,28.8,0,0,0
"target","brute","goose","mid","highDodge",20,0.25,3.5,14.057,4.297,0.374,0.626,23.235,0,0,0
"target","brute","goose","mid","highHp",20,0.1,4.5,15.433,4.79,0.439,0.561,30.434,0,0,0
"mirror","brute","goose","mid","brute mirror",20,0.9,2.95,14.051,4.53,0.423,0.577,10.783,0,0,0
"target","brute","goose","late","balanced",20,0,3.15,16.476,4.967,0.444,0.556,38.635,0,0,0
"target","brute","goose","late","highArmour",20,0,3.35,18.209,5.52,0.47,0.53,37.51,0,0,0
"target","brute","goose","late","highMagicArmour",20,0,2.45,24.837,7.287,0.52,0.48,35.7,0,0,0
"target","brute","goose","late","highDodge",20,0.05,4.05,20.432,6.317,0.323,0.677,33.765,0,0,0
"target","brute","goose","late","highHp",20,0,3.6,22.181,6.767,0.417,0.583,39.71,0,0,0
"mirror","brute","goose","late","brute mirror",20,1,2.35,25.383,8.171,0.57,0.43,2.858,0,0,0
"class","knight","crow","late","rogue",20,1,1,26.5,13.25,1,0,0,0,0,0
"class","knight","crow","late","mage",20,1,1,19.05,8.659,0.909,0.091,0,0,0,0
"class","rogue","sparrow","late","knight",20,0.05,1.25,17.76,4.723,0.776,0.224,11.975,0,0,0
"class","rogue","sparrow","late","mage",20,1,1,19.05,8.283,0.87,0.13,0,0,0,0
"class","mage","blackbird","late","knight",20,0.95,1.2,22.375,6.102,0.773,0.227,2.2,0,0,0
"class","mage","blackbird","late","siren",20,0.6,4.35,10.816,3.46,0.727,0.273,9.636,0,0,0
"class","brute","goose","late","knight",20,0.2,2.15,15.93,4.628,0.541,0.459,27.309,0,0,0
"boss","boss","crow","early","duke reference",20,0.95,2.2,14.75,4.538,0.62,0.38,6.709,0,0,0
"boss","boss","crow","mid","duke reference",20,0.95,2.2,19.068,6.036,0.667,0.333,5.383,0,0,0
"boss","boss","crow","late","duke reference",20,0.95,2.1,23.833,7.415,0.644,0.356,3.908,0,0,0
"endless","endless","sparrow","band-1","scaled knight",2,0,2,6.5,1.857,0.875,0.125,15,0,0,0
"endless","endless","sparrow","band-5","scaled knight",2,0,1.5,4.667,1.273,0.333,0.667,17.25,0,0,0
"endless","endless","sparrow","band-10","scaled knight",2,0.5,2.5,5.4,1.688,0.444,0.556,12.75,0,0,0
"endless","endless","sparrow","band-15","scaled knight",2,0,1.5,6,1.636,0.833,0.167,15,0,0,0
"endless","endless","sparrow","band-20","scaled knight",2,0,2,5.25,1.5,0.625,0.375,15,0,0,0
